id,etablissement,establishment_id,debut_periode_paris,fin_periode_paris,total_transactions,total_amount,total_vat,total_cb,total_cash,total_soumis_tva_10,montant_tva_10,total_soumis_tva_20,montant_tva_20,tips_total,monnaie_rendue_total,fond_de_caisse,first_sequence,last_sequence,is_closed,cloture_effective_paris,closure_hash
31,MuseBar,ce1b61b1-10e7-430c-97aa-69297fafb780,2025-08-02 00:00:00,2025-08-02 23:59:59,164,2428.0000,351.4091,2263.5,164.5,703.0000,63.9091,1725.0000,287.5000,0.00,0.00,200.0000,951,1114,t,2025-08-02 23:24:40,00ecef766679148095d5a6bfa62578a3640ef8d42d395006045afa966ee7368b
39,MuseBar,ce1b61b1-10e7-430c-97aa-69297fafb780,2025-08-05 00:00:00,2025-08-05 23:59:59,101,1384.0000,210.6288,1356,28,264.5000,24.0455,1119.5000,186.5833,0.00,0.00,200.0000,1115,1215,t,2025-08-05 23:23:04,8b7d4bb58d8c49043317aab1a68af1aca113cc70c6e0cc5fa36e03dc573fc5a2
41,MuseBar,ce1b61b1-10e7-430c-97aa-69297fafb780,2025-08-06 00:00:00,2025-08-06 23:59:59,112,1354.5000,203.2500,1312.5,42,297.0000,27.0000,1057.5000,176.2500,3.50,0.00,200.0000,1216,1327,t,2025-08-06 22:29:05,42034b337db887aafb57f679d9d0031a30d68ab833d53c12e38119a7f38511b7
42,MuseBar,ce1b61b1-10e7-430c-97aa-69297fafb780,2025-08-07 00:00:00,2025-08-07 23:59:59,150,2443.0000,358.8333,2320,123,638.0000,58.0000,1805.0000,300.8333,2.00,0.00,200.0000,1328,1477,t,2025-08-07 23:49:55,55aa2bb3fd4d759607c64b026b0ba037f950792ca192425e544644d327d1473e
43,MuseBar,ce1b61b1-10e7-430c-97aa-69297fafb780,2025-08-08 00:00:00,2025-08-08 23:59:59,180,2834.5000,434.8031,2784,50.5,496.5000,45.1364,2338.0000,389.6667,3.50,0.00,200.0000,1478,1657,t,2025-08-08 23:22:28,743e83b90dcd7ab9d2af5e7c123d9a16ec1050b46085df0a7affc58b23d7dd02
44,MuseBar,ce1b61b1-10e7-430c-97aa-69297fafb780,2025-08-09 00:00:00,2025-08-09 23:59:59,126,1914.5000,295.9394,1844.5,70,305.5000,27.7727,1609.0000,268.1667,0.50,0.00,200.0000,1658,1783,t,2025-08-09 23:27:26,f9e440efd0f50ab1318ffc5bf84bebbf08ed9810b73ea2843b955f6b3d7033ea
53,MuseBar,ce1b61b1-10e7-430c-97aa-69297fafb780,2025-08-12 00:00:00,2025-08-12 23:59:59,84,1071.0000,153.8031,1016,55,326.0000,29.6364,745.0000,124.1667,0.00,0.00,200.0000,1784,1867,t,2025-08-12 22:24:33,e0f1b71d2c79649f23bb6e9609306ccfb20a9f17e065a49f6de190e75da0d088
54,MuseBar,ce1b61b1-10e7-430c-97aa-69297fafb780,2025-08-13 00:00:00,2025-08-13 23:59:59,60,1108.9000,158.7560,1101.4,7.5,344.0000,31.2727,764.9000,127.4833,0.00,0.00,200.0000,1868,1927,t,2025-08-13 23:43:00,aaca00da9c505e61b2847f4f9ac224132d9087f6b63986369ed59b578ad59d92
55,MuseBar,ce1b61b1-10e7-430c-97aa-69297fafb780,2025-08-14 00:00:00,2025-08-14 23:59:59,150,2386.5000,367.1440,2270.5,116,404.0000,36.7273,1982.5000,330.4167,0.00,0.00,200.0000,1928,2076,t,2025-08-14 23:28:34,452d666781b80aed011741610dce2154c73926d134af90be23734a78806a8e08
56,MuseBar,ce1b61b1-10e7-430c-97aa-69297fafb780,2025-08-15 00:00:00,2025-08-15 23:59:59,160,2439.0000,362.7878,2409,30,577.0000,52.4545,1862.0000,310.3333,5.00,0.00,200.0000,2077,2236,t,2025-08-15 23:58:23,1ff5fd019b77257e99790f0cd61a98d6dae562600875288553504ffbf023e975
58,MuseBar,ce1b61b1-10e7-430c-97aa-69297fafb780,2025-08-16 00:00:00,2025-08-16 23:59:59,133,2078.0000,315.9545,2003,75,401.0000,36.4545,1677.0000,279.5000,0.00,0.00,200.0000,2237,2369,t,2025-08-16 23:22:07,7403584383b370be385fba8e0861ac24606eadc37316c9546594e1b0cf9504fe
68,MuseBar,ce1b61b1-10e7-430c-97aa-69297fafb780,2025-08-19 00:00:00,2025-08-19 23:59:59,90,1191.5000,179.5303,1146,45.5,251.5000,22.8636,940.0000,156.6667,0.00,0.00,200.0000,2370,2459,t,2025-08-19 23:53:16,2dcae092302f28a89d446409047030aa61d5522560d88ccfb78da6acabb2b202
69,MuseBar,ce1b61b1-10e7-430c-97aa-69297fafb780,2025-08-20 00:00:00,2025-08-20 23:59:59,115,1704.0000,246.8031,1618.5,85.5,491.0000,44.6364,1213.0000,202.1667,0.00,0.00,200.0000,2460,2574,t,2025-08-20 23:48:26,8d686f99ebde5e7f0384aae63c7653155d8c23342e8835f09e2473e8ede282d4
70,MuseBar,ce1b61b1-10e7-430c-97aa-69297fafb780,2025-08-21 00:00:00,2025-08-21 23:59:59,107,1829.0000,257.5985,1758.5,70.5,623.5000,56.6818,1205.5000,200.9167,13.00,0.00,200.0000,2575,2681,t,2025-08-21 23:30:51,afa8b0c287a66e37d60f8ebd041ac21e0aeaecfef03fb181453f47fb779bb251
71,MuseBar,ce1b61b1-10e7-430c-97aa-69297fafb780,2025-08-22 00:00:00,2025-08-22 23:59:59,131,1937.5000,289.9622,1853.5,84,435.0000,39.5455,1502.5000,250.4167,0.00,0.00,200.0000,2682,2812,t,2025-08-22 23:47:27,a95ba765b85fff733ea5b369d88e52d75cb162fc76a239b902a11eb8c15b7d81
72,MuseBar,ce1b61b1-10e7-430c-97aa-69297fafb780,2025-08-23 00:00:00,2025-08-23 23:59:59,120,1945.5000,290.6136,1683.5,262,444.0000,40.3636,1501.5000,250.2500,0.00,0.00,200.0000,2813,2932,t,2025-08-23 23:54:01,2bcce71e1aaefa50cd74f5cf68fa9468366927d1f974320fd8420ef3f8496fa4
80,MuseBar,ce1b61b1-10e7-430c-97aa-69297fafb780,2025-08-26 00:00:00,2025-08-26 23:59:59,88,1341.0000,203.3864,1297,44,265.5000,24.1364,1075.5000,179.2500,0.00,0.00,200.0000,2933,3020,t,2025-08-26 23:04:39,6a1c7dea68627aa512dd1a47c1ce2328eb5e20a08c64f2bd7719aff075443533
82,MuseBar,ce1b61b1-10e7-430c-97aa-69297fafb780,2025-08-27 00:00:00,2025-08-27 23:59:59,121,1650.7500,247.8712,1606.25,44.5,359.7500,32.7045,1291.0000,215.1667,0.00,0.00,200.0000,3021,3141,t,2025-08-27 23:56:04,cb89114e72deff2ff3f5d0781dffa7684c03c88fc55bb3a637c26836ba6350ff
84,MuseBar,ce1b61b1-10e7-430c-97aa-69297fafb780,2025-08-28 00:00:00,2025-08-28 23:59:59,124,2187.5000,319.5076,2119,68.5,595.0000,54.0909,1592.5000,265.4167,0.00,0.00,200.0000,3142,3265,t,2025-08-29 00:35:44,14e924af68c8c17c6c2625ff6246a6dbf7cdb50e02953e494c8c50a67099db61
85,MuseBar,ce1b61b1-10e7-430c-97aa-69297fafb780,2025-08-29 00:00:00,2025-08-29 23:59:59,182,3167.0000,470.5227,3036.5,130.5,756.5000,68.7727,2410.5000,401.7500,0.00,0.00,200.0000,3266,3447,t,2025-08-29 23:46:29,c6eb78d909104e72b3dfca573034657bd5583ca9158b745ba8b1a8e693ca61d0
86,MuseBar,ce1b61b1-10e7-430c-97aa-69297fafb780,2025-08-30 00:00:00,2025-08-30 23:59:59,81,1680.0000,238.5227,1561,119,547.5000,49.7727,1132.5000,188.7500,0.00,0.00,200.0000,3448,3527,t,2025-08-31 02:11:41,19cf667c0e7be5d23faf38f8d72960457fb32037b9e127b9687ae7c53ba17fed
88,MuseBar,ce1b61b1-10e7-430c-97aa-69297fafb780,2025-09-02 00:00:00,2025-09-02 23:59:59,42,704.0000,95.7803,586.5,117.5,284.5000,25.8636,419.5000,69.9167,0.00,0.00,200.0000,3528,3569,t,2025-09-02 21:41:10,879ac14df520d1727f855f04197fd577023998b1738d7dbdde448fa7ededfb70
90,MuseBar,ce1b61b1-10e7-430c-97aa-69297fafb780,2025-09-03 00:00:00,2025-09-03 23:59:59,77,1178.5000,181.3788,1148.24,30.25,198.5000,18.0455,980.0000,163.3333,2.00,0.00,200.0000,3570,3646,t,2025-09-03 22:58:13,e0ac45b23ba284349be2f60ba4cac50e3d2bf6b2964f883f7b9dd1e7d6fc32b3
91,MuseBar,ce1b61b1-10e7-430c-97aa-69297fafb780,2025-09-04 00:00:00,2025-09-04 23:59:59,81,1611.0000,234.4469,1584,27,449.5000,40.8636,1161.5000,193.5833,3.00,0.00,200.0000,3647,3727,t,2025-09-04 23:05:46,1393569aa09f617c2063fda4971c1320e773c30b7866bb0c74bcdf21a426e479
92,MuseBar,ce1b61b1-10e7-430c-97aa-69297fafb780,2025-09-05 00:00:00,2025-09-05 23:59:59,112,3105.0000,441.7045,3058,47,1000.5000,90.9545,2104.5000,350.7500,0.00,0.00,200.0000,3728,3839,t,2025-09-06 00:23:33,86531014b927574efe5992538e1835ac061e77a3dcafdb80c6a8be5d91d71b62
93,MuseBar,ce1b61b1-10e7-430c-97aa-69297fafb780,2025-09-06 00:00:00,2025-09-06 23:59:59,54,1527.5000,216.8940,1502,25.5,497.5000,45.2273,1030.0000,171.6667,0.00,0.00,200.0000,3840,3893,t,2025-09-06 22:54:34,fc5c0fb305b9a7c38c9335af5971d6ea866b3b0ac408ca2626e93f3cd3be6a5d
95,MuseBar,ce1b61b1-10e7-430c-97aa-69297fafb780,2025-09-09 00:00:00,2025-09-09 23:59:59,79,1181.0000,171.2273,1091,90,338.0000,30.7273,843.0000,140.5000,0.00,0.00,200.0000,3894,3972,t,2025-09-09 23:23:26,184b6dcafbbddaa5fe0bc63a137caf448942f66472ffb034fd161895902539d1
96,MuseBar,ce1b61b1-10e7-430c-97aa-69297fafb780,2025-09-10 00:00:00,2025-09-10 23:59:59,45,587.5000,86.4773,537,50.5,151.0000,13.7273,436.5000,72.7500,0.00,0.00,200.0000,3973,4017,t,2025-09-10 22:07:27,b03eb7395b68905e7f8bd76a5a1a32ffdde84c505cc7175bb81459bb4675ce7b
97,MuseBar,ce1b61b1-10e7-430c-97aa-69297fafb780,2025-09-11 00:00:00,2025-09-11 23:59:59,113,1789.0000,264.6060,1688.5,100.5,443.0000,40.2727,1346.0000,224.3333,0.00,0.00,200.0000,4018,4130,t,2025-09-11 23:29:58,a0f6b96c18ffdf316812dd11c2c94f353f022b7346c29dee47649531952e70e0
98,MuseBar,ce1b61b1-10e7-430c-97aa-69297fafb780,2025-09-12 00:00:00,2025-09-12 23:59:59,124,2322.0000,317.0758,2143,179,923.0000,83.9091,1399.0000,233.1667,0.00,0.00,200.0000,4131,4254,t,2025-09-12 23:44:02,9349d2863287d66c284d3cf9edbc559868136ea460d0f76f434429916bc057c1
99,MuseBar,ce1b61b1-10e7-430c-97aa-69297fafb780,2025-09-13 00:00:00,2025-09-13 23:59:59,138,3283.5000,502.4394,3036,247.5,591.5000,53.7727,2692.0000,448.6667,0.00,0.00,200.0000,4255,4392,t,2025-09-14 00:30:21,c229ec7b93e8be13f0346edf18af5a188023746603ecff4628f7f28f9a21e7f0
101,MuseBar,ce1b61b1-10e7-430c-97aa-69297fafb780,2025-09-16 00:00:00,2025-09-16 23:59:59,39,453.0000,67.6969,438.5,14.5,103.0000,9.3636,350.0000,58.3333,0.00,0.00,200.0000,4393,4431,t,2025-09-16 23:13:18,52e2df011554ae297aa4e1e9de9704cb81b1bd6d84e3112dd5ed3313eec54a35
102,MuseBar,ce1b61b1-10e7-430c-97aa-69297fafb780,2025-09-17 00:00:00,2025-09-17 23:59:59,96,1272.5000,186.9697,1214,58.5,331.5000,30.1364,941.0000,156.8333,0.00,0.00,200.0000,4432,4527,t,2025-09-17 22:56:58,16cf368f596b5505c913d0393ef9efbc0804cb4d5f1d2085f738ea63838e8536
103,MuseBar,ce1b61b1-10e7-430c-97aa-69297fafb780,2025-09-18 00:00:00,2025-09-18 23:59:59,146,2393.0000,343.9469,2272.5099999999998,120.5,724.5000,65.8636,1668.5000,278.0833,0.00,0.00,200.0000,4528,4673,t,2025-09-18 23:21:45,c03de5cdc9fc7699a9ea3cce1b1f7479c007b25960ffac46971c7597ea85c84c
105,MuseBar,ce1b61b1-10e7-430c-97aa-69297fafb780,2025-09-19 00:00:00,2025-09-19 23:59:59,137,2960.5000,430.6894,2931.5,29,828.0000,75.2727,2132.5000,355.4167,0.00,0.00,200.0000,4674,4810,t,2025-09-20 00:01:44,28065b6a6ddb8e64c04ca0fa3c09300af2ff0d62f0a89ced33d95e618bef1b4e
106,MuseBar,ce1b61b1-10e7-430c-97aa-69297fafb780,2025-09-20 00:00:00,2025-09-20 23:59:59,124,2786.0000,400.3182,2435,351,845.0000,76.8182,1941.0000,323.5000,2.00,0.00,200.0000,4811,4934,t,2025-09-20 23:48:56,589635df4dffac63297cdc6e1fb220016aa7d3174fb2c46c206abcd605be92dc
108,MuseBar,ce1b61b1-10e7-430c-97aa-69297fafb780,2025-09-23 00:00:00,2025-09-23 23:59:59,93,1290.0000,185.9849,1238.5,51.5,383.0000,34.8182,907.0000,151.1667,0.00,0.00,200.0000,4935,5027,t,2025-09-23 22:38:01,2433bc941ce6d2d20a650e114c2c7fc43d328bd22b73123517878f2b9c2dd832
109,MuseBar,ce1b61b1-10e7-430c-97aa-69297fafb780,2025-09-24 00:00:00,2025-09-24 23:59:59,52,921.7000,129.5485,831.7,90,317.7000,28.8818,604.0000,100.6667,0.00,0.00,200.0000,5028,5079,t,2025-09-24 23:59:00,2f9a8d9ef9486b114429d16139d4f2069986677f8ba561b40f0e7d0272437ab5
110,MuseBar,ce1b61b1-10e7-430c-97aa-69297fafb780,2025-09-25 00:00:00,2025-09-25 23:59:59,96,1362.5000,204.6212,1310.5,52,296.5000,26.9545,1066.0000,177.6667,0.00,0.00,200.0000,5080,5175,t,2025-09-25 22:35:29,dc85aa575edde1b6ae543139dca7501e5fa5dd4e61a36237cd31b60a74bcd36d
111,MuseBar,ce1b61b1-10e7-430c-97aa-69297fafb780,2025-09-26 00:00:00,2025-09-26 23:59:59,113,2113.5000,319.1060,2092,21.5,437.5000,39.7727,1676.0000,279.3333,0.00,0.00,200.0000,5176,5288,t,2025-09-27 00:06:43,b68abef9a2c110dac117a797bd7d3a9e38df6a2cbf17a19afafa5ecd7dec171f
112,MuseBar,ce1b61b1-10e7-430c-97aa-69297fafb780,2025-09-27 00:00:00,2025-09-27 23:59:59,155,2889.5000,437.7197,2673.5,216,579.0000,52.6364,2310.5000,385.0833,0.00,0.00,200.0000,5289,5443,t,2025-09-27 23:47:08,1f5396f21ed9d09865f139c3a8ab75cb121c2111f95f2b850b1ab3e47b065eaf
114,MuseBar,ce1b61b1-10e7-430c-97aa-69297fafb780,2025-09-30 00:00:00,2025-09-30 23:59:59,101,1728.5000,272.4773,1696,32.5,206.0000,18.7273,1522.5000,253.7500,0.00,0.00,200.0000,5444,5542,t,2025-09-30 22:45:22,24845a7e36d3a56e35d023e37cd33880c902996a572cd9ca305e65d3b4757ce6
115,MuseBar,ce1b61b1-10e7-430c-97aa-69297fafb780,2025-10-01 00:00:00,2025-10-01 23:59:59,47,720.5000,110.1212,679.5,41,131.5000,11.9545,589.0000,98.1667,0.00,0.00,200.0000,5543,5589,t,2025-10-01 21:57:30,e1cf5dcfe9ee0cf0c9ea9712b5131f6ea6c309504cb856586886a76de45b4f03
116,MuseBar,ce1b61b1-10e7-430c-97aa-69297fafb780,2025-10-02 00:00:00,2025-10-02 23:59:59,63,986.5000,148.2424,982,4.5,213.5000,19.4091,773.0000,128.8333,0.00,0.00,200.0000,5590,5652,t,2025-10-02 22:34:13,bee08dfefb5d086c7a6d5c8b755f5ccba881d4a49dced2963ff5fdff9ae9332d
117,MuseBar,ce1b61b1-10e7-430c-97aa-69297fafb780,2025-10-03 00:00:00,2025-10-03 23:59:59,120,2643.5000,384.2576,2577,66.5,743.5000,67.5909,1900.0000,316.6667,0.00,0.00,200.0000,5653,5772,t,2025-10-04 00:03:10,e409b2e9926a2df6d8c0f3f4aed78537e19d9106bcab271a4c31bab14743c663
118,MuseBar,ce1b61b1-10e7-430c-97aa-69297fafb780,2025-10-04 00:00:00,2025-10-04 23:59:59,147,3478.0000,524.1364,3437,41,733.0000,66.6364,2745.0000,457.5000,0.00,0.00,200.0000,5773,5919,t,2025-10-04 23:55:29,e3c800ce35c1699cb97876c4d6f8829295e6e658b1e940c02510e32d49961922
120,MuseBar,ce1b61b1-10e7-430c-97aa-69297fafb780,2025-10-07 00:00:00,2025-10-07 23:59:59,109,3737.5000,505.1894,3721,16.5,1554.0000,141.2727,2183.5000,363.9167,0.00,0.00,200.0000,5920,6028,t,2025-10-07 23:53:05,2e4c8c3b39352047bc23e3b293f6c1d69ca37a69c0f61b8f2cdbd3416a4467f6
121,MuseBar,ce1b61b1-10e7-430c-97aa-69297fafb780,2025-10-08 00:00:00,2025-10-08 23:59:59,78,1060.5000,155.8409,970,90.5,276.0000,25.0909,784.5000,130.7500,0.00,0.00,200.0000,6029,6106,t,2025-10-08 22:00:52,09e39bfdcf83cbacdb8b943ee3309c50e579348a5deba4b27d2b9d5bd98c60b4
122,MuseBar,ce1b61b1-10e7-430c-97aa-69297fafb780,2025-10-09 00:00:00,2025-10-09 23:59:59,81,1603.5000,233.9167,1526.5,77,440.0000,40.0000,1163.5000,193.9167,0.00,0.00,200.0000,6107,6187,t,2025-10-09 23:20:39,2530c29803eadfde3b8fe158068100f167c18c6a3d2336d2bc838b6039d8d006
123,MuseBar,ce1b61b1-10e7-430c-97aa-69297fafb780,2025-10-10 00:00:00,2025-10-10 23:59:59,56,2119.1000,308.5545,2029.1,90,589.1000,53.5545,1530.0000,255.0000,0.00,0.00,200.0000,6188,6243,t,2025-10-10 23:47:53,e7d07d4acb26d9038f43a9d85c8e94153c53923fc09cf9ad4c40e2f406479b23
124,MuseBar,ce1b61b1-10e7-430c-97aa-69297fafb780,2025-10-11 00:00:00,2025-10-11 23:59:59,104,3336.5000,508.1288,3317,19.5,633.0000,57.5455,2703.5000,450.5833,0.00,0.00,200.0000,6244,6347,t,2025-10-11 23:48:00,ffb8ccd2809de354fd5661c58924fa613f7e1657138d8b754ec9ae5c2102849b
126,MuseBar,ce1b61b1-10e7-430c-97aa-69297fafb780,2025-10-13 00:00:00,2025-10-13 23:59:59,41,874.0000,127.5227,874,0,239.5000,21.7727,634.5000,105.7500,0.00,0.00,200.0000,6348,6388,t,2025-10-13 23:43:01,dca713fd4896b97dd38fa6072b57e476182a050d9cf469ed29031ab477072fe3
127,MuseBar,ce1b61b1-10e7-430c-97aa-69297fafb780,2025-10-14 00:00:00,2025-10-14 23:59:59,37,2445.0000,322.5000,2466,-21,1122.0000,102.0000,1323.0000,220.5000,40.00,0.00,200.0000,6389,6425,t,2025-10-15 00:13:54,7bd08efdd2c6d48efb8854f9a4a2db4d458b45e05d8ad2b5d312047a6f7094be
128,MuseBar,ce1b61b1-10e7-430c-97aa-69297fafb780,2025-10-15 00:00:00,2025-10-15 23:59:59,48,1352.5000,195.2273,1332.5,20,398.5000,36.2273,954.0000,159.0000,0.00,0.00,200.0000,6426,6473,t,2025-10-15 23:57:33,7a627ce35cd269060848a07ff80f90aa3d7d37a39d6ef538cad100e6c9f1785e
129,MuseBar,ce1b61b1-10e7-430c-97aa-69297fafb780,2025-10-16 00:00:00,2025-10-16 23:59:59,60,1748.5000,238.5378,1741.5,7,698.0000,63.4545,1050.5000,175.0833,0.00,0.00,200.0000,6474,6533,t,2025-10-16 23:59:46,3169468cf5a26e4d81b6b5602d1f25291ee24cf33be84e7007f60a647a300f21
130,MuseBar,ce1b61b1-10e7-430c-97aa-69297fafb780,2025-10-17 00:00:00,2025-10-17 23:59:59,61,1849.0000,262.4091,1558,291,604.0000,54.9091,1245.0000,207.5000,0.00,0.00,200.0000,6534,6594,t,2025-10-17 23:18:00,f3530cf20b35c786eca179b9e60dfa6721e353339acee100737f266238f51270
131,MuseBar,ce1b61b1-10e7-430c-97aa-69297fafb780,2025-10-18 00:00:00,2025-10-18 23:59:59,62,1705.0000,237.1212,1655,50,621.0000,56.4545,1084.0000,180.6667,0.00,0.00,200.0000,6595,6656,t,2025-10-18 22:25:50,28325e0a085c65237848874144bd9116a977118d9bdee0c486867a1606f83e1d
134,MuseBar,ce1b61b1-10e7-430c-97aa-69297fafb780,2025-10-21 00:00:00,2025-10-21 23:59:59,80,1929.5000,270.5227,1629,300.5,674.0000,61.2727,1255.5000,209.2500,0.00,0.00,200.0000,6657,6736,t,2025-10-21 22:49:37,46946793734ac68e2767b03d390cf9e7e78fd368b22d60e8dc9e3d72efb7b5e9
135,MuseBar,ce1b61b1-10e7-430c-97aa-69297fafb780,2025-10-22 00:00:00,2025-10-22 23:59:59,61,2330.0000,326.2122,2245.5,84.5,820.0000,74.5455,1510.0000,251.6667,7.50,0.00,200.0000,6737,6797,t,2025-10-22 23:18:56,c5fbfc7427dbb13ec20f1cb96e8620d6c4e2270b4db173fa9e3901143e1a68a3
136,MuseBar,ce1b61b1-10e7-430c-97aa-69297fafb780,2025-10-23 00:00:00,2025-10-23 23:59:59,54,1521.5000,228.5076,1497,24.5,331.0000,30.0909,1190.5000,198.4167,1.50,0.00,200.0000,6798,6851,t,2025-10-23 23:40:12,3d5a73d6f62cde87e5acd5e2fa3a1d02c52605d09d15e6176e0365fa2acb006c
137,MuseBar,ce1b61b1-10e7-430c-97aa-69297fafb780,2025-10-24 00:00:00,2025-10-24 23:59:59,99,2577.0000,368.6667,2540.5,36.5,803.0000,73.0000,1774.0000,295.6667,0.00,0.00,200.0000,6852,6950,t,2025-10-24 23:28:18,6fdd3fdd0c29d6cf39c5eee0991e3f9f5fea5eeee0362bdf97bc3d2657e5c7ed
140,MuseBar,ce1b61b1-10e7-430c-97aa-69297fafb780,2025-10-25 00:00:00,2025-10-25 23:59:59,75,2743.5000,407.9697,2472.5,271,650.5000,59.1364,2093.0000,348.8333,0.00,0.00,200.0000,6951,7025,t,2025-10-26 21:45:35,18a39ca9a831642167c955b612dc3f126b1318cc671b643063648cd2ac803f9f
142,MuseBar,ce1b61b1-10e7-430c-97aa-69297fafb780,2025-10-27 01:00:00,2025-10-28 00:59:59,36,497.5000,73.9773,485.5,12,118.0000,10.7273,379.5000,63.2500,0.00,0.00,200.0000,7026,7061,t,2025-10-27 22:06:28,d327800648ec467ee1678e7a9a89b498d412cbef6e2f0a0ff0700ca69fdb064f
143,MuseBar,ce1b61b1-10e7-430c-97aa-69297fafb780,2025-10-28 01:00:00,2025-10-29 00:59:59,75,1601.0000,221.9091,1551.5,49.5,593.0000,53.9091,1008.0000,168.0000,4.00,0.00,200.0000,7062,7136,t,2025-10-29 00:53:12,cd862011613f84dd589588d04b4e5df20354ca5129db2dc33113b32e9d7ceaca
144,MuseBar,ce1b61b1-10e7-430c-97aa-69297fafb780,2025-10-29 01:00:00,2025-10-30 00:59:59,51,1459.5000,217.7197,1429.5,30,337.0000,30.6364,1122.5000,187.0833,0.00,0.00,200.0000,7137,7187,t,2025-10-30 00:11:38,142314903c73d7057fb43d7d3f7c1fb024f4bcbc973d862a5d7588a70c2827c5
145,MuseBar,ce1b61b1-10e7-430c-97aa-69297fafb780,2025-10-30 01:00:00,2025-10-31 00:59:59,138,3045.3000,434.9515,3030.3,15,958.3000,87.1182,2087.0000,347.8333,0.00,0.00,200.0000,7188,7325,t,2025-10-31 00:10:01,3551cfea7c33664944450b59206760ced63a498770fdc672755081c1fe058654
147,MuseBar,ce1b61b1-10e7-430c-97aa-69297fafb780,2025-10-31 01:00:00,2025-11-01 00:59:59,66,1512.5000,219.5076,1495.5,17,430.0000,39.0909,1082.5000,180.4167,0.00,0.00,200.0000,7326,7391,t,2025-11-01 00:09:39,a150603a54525a605c852a8411fa523a33d6d7a02039e0f483e2270c2f67654a
148,MuseBar,ce1b61b1-10e7-430c-97aa-69297fafb780,2025-11-01 01:00:00,2025-11-02 00:59:59,110,3079.0000,434.1136,2658,421,1043.5000,94.8636,2035.5000,339.2500,4.00,0.00,200.0000,7392,7501,t,2025-11-02 00:12:21,c7c41d6abe43e2c428d982f8ca8aa5ab069201f69faa67882c3097bb65d53b5c
151,MuseBar,ce1b61b1-10e7-430c-97aa-69297fafb780,2025-11-03 01:00:00,2025-11-04 00:59:59,53,771.5000,115.2500,725.5,46,176.0000,16.0000,595.5000,99.2500,0.00,0.00,200.0000,7502,7554,t,2025-11-03 22:50:43,d516c72aa9c34d5cb40a729cc9ce1eee290776723a82a49ee8029955d6c349fe
152,MuseBar,ce1b61b1-10e7-430c-97aa-69297fafb780,2025-11-04 01:00:00,2025-11-05 00:59:59,42,1281.5000,181.3485,1272.5,9,425.5000,38.6818,856.0000,142.6667,0.00,0.00,200.0000,7555,7596,t,2025-11-05 00:16:32,1bb457923933342a7ba2de37c73acea16eac9c6051e369d5488039ccacd6c774
153,MuseBar,ce1b61b1-10e7-430c-97aa-69297fafb780,2025-11-05 01:00:00,2025-11-06 00:59:59,61,1345.0000,205.4924,1251.5,93.5,246.5000,22.4091,1098.5000,183.0833,0.50,0.00,200.0000,7597,7657,t,2025-11-06 00:06:05,e85c4d868b8d8e704c2c37de0497afed7d4bedbbc0ec0371810db0218f8b04b7
154,MuseBar,ce1b61b1-10e7-430c-97aa-69297fafb780,2025-11-06 01:00:00,2025-11-07 00:59:59,133,2429.0000,360.7045,2354.5,74.5,582.5000,52.9545,1846.5000,307.7500,0.00,0.00,200.0000,7658,7790,t,2025-11-07 00:23:30,be13cc2bad1220f087af3d16292bce477bb72274fdae842279aa3ae92cfd350f
155,MuseBar,ce1b61b1-10e7-430c-97aa-69297fafb780,2025-11-07 01:00:00,2025-11-08 00:59:59,128,3146.2200,482.4973,2799.7,346.5,552.7200,50.2473,2593.5000,432.2500,0.00,0.00,200.0000,7791,7918,t,2025-11-08 00:26:22,519a50655620f3bb860346fe04f18c09ad9fff5924cdb2d0238f3c708fc6ee68
156,MuseBar,ce1b61b1-10e7-430c-97aa-69297fafb780,2025-11-08 01:00:00,2025-11-09 00:59:59,69,2976.5000,465.0985,2905.49,71,409.0000,37.1818,2567.5000,427.9167,0.00,0.00,200.0000,7919,7986,t,2025-11-09 00:41:16,f4a9766921135ee6eb6a229e49340df56c91e1fbe1f3a277072756b6adc6cd72
158,MuseBar,ce1b61b1-10e7-430c-97aa-69297fafb780,2025-11-10 01:00:00,2025-11-11 00:59:59,74,2363.0000,345.4622,2338,25,638.5000,58.0455,1724.5000,287.4167,4.00,0.00,200.0000,7987,8060,t,2025-11-11 00:35:13,14a15727202522c176826588d3437a71a72371e3bc331294659f4568ed5e77a4
159,MuseBar,ce1b61b1-10e7-430c-97aa-69297fafb780,2025-11-11 01:00:00,2025-11-12 00:59:59,21,398.5000,58.7651,391.5,7,101.0000,9.1818,297.5000,49.5833,0.00,0.00,200.0000,8061,8081,t,2025-11-11 22:25:04,a34e502b0f202e69ccb417517450b8ac34afae85d4101eb1e6342196ca78527b
160,MuseBar,ce1b61b1-10e7-430c-97aa-69297fafb780,2025-11-12 01:00:00,2025-11-13 00:59:59,47,1084.0000,154.9091,1068,16,340.0000,30.9091,744.0000,124.0000,0.00,0.00,200.0000,8082,8128,t,2025-11-13 00:16:48,ba67560657cad4b77716b0b7aeda6317f87cf7b0874521902c931aab4ca36c35
161,MuseBar,ce1b61b1-10e7-430c-97aa-69297fafb780,2025-11-13 01:00:00,2025-11-14 00:59:59,100,2072.0000,316.1288,2014,58,385.5000,35.0455,1686.5000,281.0833,0.00,0.00,200.0000,8129,8228,t,2025-11-13 23:40:17,22c55611690a82cecd114c55000effeee21df3be1bc2edc3a3bd0f984c089cd6
162,MuseBar,ce1b61b1-10e7-430c-97aa-69297fafb780,2025-11-14 01:00:00,2025-11-15 00:59:59,145,3049.0000,442.5606,2889.5,159.5,866.0000,78.7273,2183.0000,363.8333,0.00,0.00,200.0000,8229,8373,t,2025-11-15 00:25:18,05f89b02f12759ad22fdfd9676c9280bcb59b007309ee6000c25a7b594537731
163,MuseBar,ce1b61b1-10e7-430c-97aa-69297fafb780,2025-11-15 01:00:00,2025-11-16 00:59:59,91,3595.5000,522.3940,3341.5,254,1014.5000,92.2273,2581.0000,430.1667,0.00,0.00,200.0000,8374,8464,t,2025-11-16 00:06:11,f59039ade480cdc7ffba7441e9b426274b4bc0d67fb7c16048f2009de2ea7132
165,MuseBar,ce1b61b1-10e7-430c-97aa-69297fafb780,2025-11-17 01:00:00,2025-11-18 00:59:59,57,1184.0000,171.1212,1164.5,19.5,346.0000,31.4545,838.0000,139.6667,0.00,0.00,200.0000,8465,8521,t,2025-11-17 23:38:30,ef92e81d8cb8b12dbf60634b20c834dd592af07ca5af2e2aef897aa94ac0b56c
166,MuseBar,ce1b61b1-10e7-430c-97aa-69297fafb780,2025-11-18 01:00:00,2025-11-19 00:59:59,30,1224.5000,167.9469,1218,6.5,477.0000,43.3636,747.5000,124.5833,0.00,0.00,200.0000,8522,8551,t,2025-11-18 23:12:19,07194e2c93acfd4ea4571af000be010b5cbda6cf5f208231b41a714899d3e10e
167,MuseBar,ce1b61b1-10e7-430c-97aa-69297fafb780,2025-11-19 01:00:00,2025-11-20 00:59:59,33,690.5000,99.8940,690.5,0,200.5000,18.2273,490.0000,81.6667,0.00,0.00,200.0000,8552,8584,t,2025-11-19 23:09:17,210bc1bea66de36bbe3e53be5d7610c6b2864757e29dfd3d0a5c8ce98d38c6d7
168,MuseBar,ce1b61b1-10e7-430c-97aa-69297fafb780,2025-11-20 01:00:00,2025-11-21 00:59:59,94,2906.0000,449.6742,2872,34,457.5000,41.5909,2448.5000,408.0833,6.00,0.00,200.0000,8585,8678,t,2025-11-21 00:10:49,29fccbf828f69a6109d26a8950cde237e9941d24b39bf7a73b954a4b7654c2fd
169,MuseBar,ce1b61b1-10e7-430c-97aa-69297fafb780,2025-11-21 01:00:00,2025-11-22 00:59:59,86,2093.5000,298.9545,2063.5,30,659.5000,59.9545,1434.0000,239.0000,0.00,0.00,200.0000,8679,8764,t,2025-11-22 00:24:08,b9b4af25c0f4a13f3bca1f0972e57d23f27523a9d01db026a7ac842de0e66186
170,MuseBar,ce1b61b1-10e7-430c-97aa-69297fafb780,2025-11-22 01:00:00,2025-11-23 00:59:59,62,1412.0000,227.4167,1380,32,104.5000,9.5000,1307.5000,217.9167,0.00,0.00,200.0000,8765,8826,t,2025-11-23 00:58:32,76c585eb1657f365841f2d74fccd467a962705c8f2fa69fc09de7b1eb3726bed
172,MuseBar,ce1b61b1-10e7-430c-97aa-69297fafb780,2025-11-24 01:00:00,2025-11-25 00:59:59,43,933.5000,141.9469,912.3000000000001,21.200000000000003,180.0000,16.3636,753.5000,125.5833,12.00,0.00,200.0000,8827,8869,t,2025-11-24 22:39:28,f56625e544e124cd14fbdb649c05ff569b7275caaa50be6dce4990aefda5cf86
173,MuseBar,ce1b61b1-10e7-430c-97aa-69297fafb780,2025-11-25 01:00:00,2025-11-26 00:59:59,56,1344.5000,202.2651,1344.5,0,288.0000,26.1818,1056.5000,176.0833,0.00,0.00,200.0000,8870,8925,t,2025-11-26 01:26:18,efb0f9f60c99d60fdb9332a1261957d1d8d7cb0336159b7e044b6e8f819b46c1
174,MuseBar,ce1b61b1-10e7-430c-97aa-69297fafb780,2025-11-26 01:00:00,2025-11-27 00:59:59,38,1388.0000,159.5531,1381,7,947.5000,86.1364,440.5000,73.4167,0.00,0.00,200.0000,8926,8962,t,2025-11-26 23:19:46,b6d0da801fa1f5aa7fb5ca4657633b3932944a1970be9027053c72005c0d56a4
175,MuseBar,ce1b61b1-10e7-430c-97aa-69297fafb780,2025-11-27 01:00:00,2025-11-28 00:59:59,53,3327.0000,463.5531,3327,0,1200.5000,109.1364,2126.5000,354.4167,0.00,0.00,200.0000,8963,9015,t,2025-11-28 00:44:01,635474e7ddb534fadfbfdf8b43ad06846f0e0a17951307e490c804482c51fd64
176,MuseBar,ce1b61b1-10e7-430c-97aa-69297fafb780,2025-11-28 01:00:00,2025-11-29 00:59:59,120,3545.0000,517.0076,3254,291,974.5000,88.5909,2570.5000,428.4167,10.00,0.00,200.0000,9016,9135,t,2025-11-29 00:53:16,5e2107058df3ea424f3ed23fd9762417e335406fd49cb5bccaa25f00d537d487
177,MuseBar,ce1b61b1-10e7-430c-97aa-69297fafb780,2025-11-29 01:00:00,2025-11-30 00:59:59,50,3227.0000,471.3182,3192,35,878.0000,79.8182,2349.0000,391.5000,0.00,0.00,200.0000,9136,9185,t,2025-11-30 00:38:42,ddf7caeafcf0a0b5c1a832f872d984ad67cd49fb90ce71ba36ee77405daa9245
206,MuseBar,ce1b61b1-10e7-430c-97aa-69297fafb780,2025-12-01 01:00:00,2025-12-02 00:59:59,12,232.0000,29.1969,195.5,36.5,125.0000,11.3636,107.0000,17.8333,0.00,0.00,200.0000,9186,9197,t,2026-01-02 17:44:47,3826da9bda9f2d4d17dab7a1bfcf2f149ce5d0ed93412a455e25f5d28d8ba63c
181,MuseBar,ce1b61b1-10e7-430c-97aa-69297fafb780,2025-12-02 01:00:00,2025-12-03 00:59:59,56,887.5000,130.6060,883,4.5,228.5000,20.7727,659.0000,109.8333,0.00,0.00,200.0000,9198,9248,t,2025-12-02 22:49:39,371cd37cb9f607c090615d23b0d3b15ac271aee19c5feb9fddb1ca07123f7736
182,MuseBar,ce1b61b1-10e7-430c-97aa-69297fafb780,2025-12-03 01:00:00,2025-12-04 00:59:59,17,1055.0000,148.4469,1057,-2,361.5000,32.8636,693.5000,115.5833,0.00,0.00,200.0000,9249,9265,t,2025-12-03 23:41:41,f51161a842195def732e97237677c6f344091c14dcefc4e49283d9753c5f07dd
183,MuseBar,ce1b61b1-10e7-430c-97aa-69297fafb780,2025-12-04 01:00:00,2025-12-05 00:59:59,49,1538.5000,210.6212,1519,19.5,604.5000,54.9545,934.0000,155.6667,0.00,0.00,200.0000,9266,9314,t,2025-12-04 23:48:46,13cd3b2a993562ffbe909442b3959376ac0e225f7a78bd3fbb71de51d9936f67
184,MuseBar,ce1b61b1-10e7-430c-97aa-69297fafb780,2025-12-05 01:00:00,2025-12-06 00:59:59,109,2311.5000,342.0682,2106.5,205,570.0000,51.8182,1741.5000,290.2500,0.00,0.00,200.0000,9315,9423,t,2025-12-06 00:58:27,a005cdc7f1980357b71e379569258b3f7946304712447c3d286731356f98c9e0
185,MuseBar,ce1b61b1-10e7-430c-97aa-69297fafb780,2025-12-06 01:00:00,2025-12-07 00:59:59,59,2058.0000,306.4849,1862,196,482.0000,43.8182,1576.0000,262.6667,0.00,0.00,200.0000,9424,9482,t,2025-12-07 01:23:00,ecccd1642784e45f0a09f7d07567f0453146472c878140832394fece6d3f77ac
187,MuseBar,ce1b61b1-10e7-430c-97aa-69297fafb780,2025-12-08 01:00:00,2025-12-09 00:59:59,27,1471.5000,204.4924,1433.5,38,538.0000,48.9091,933.5000,155.5833,0.00,0.00,200.0000,9483,9509,t,2025-12-08 22:42:32,baa37a58c4726963c420070e929a1c5274f08c10464fb1e4dcc2c42fbb006c05
189,MuseBar,ce1b61b1-10e7-430c-97aa-69297fafb780,2025-12-09 01:00:00,2025-12-10 00:59:59,40,1635.5000,240.2349,1356.5,279,427.0000,38.8182,1208.5000,201.4167,0.00,0.00,200.0000,9510,9549,t,2025-12-10 00:29:26,16da0d0b32281a58727344bc201425f44271ca861a31e3b1208b2ba398ec1e12
192,MuseBar,ce1b61b1-10e7-430c-97aa-69297fafb780,2025-12-10 01:00:00,2025-12-11 00:59:59,31,1106.0000,154.6742,1006,100,391.5000,35.5909,714.5000,119.0833,0.00,0.00,200.0000,9550,9580,t,2025-12-11 00:41:22,80f24a0a7eb99b07333a80f9cf8b5d9c3e3969fa176b945bc2f76431782511fa
193,MuseBar,ce1b61b1-10e7-430c-97aa-69297fafb780,2025-12-18 01:00:00,2025-12-19 00:59:59,118,2159.7000,344.8591,2119.2,40.5,199.2000,18.1091,1960.5000,326.7500,0.00,0.00,200.0000,9581,9698,t,2025-12-19 00:27:41,daa6995d7b2cc5a092322460eeb1eac16165130be0a696b958989cf6166c3cc5
194,MuseBar,ce1b61b1-10e7-430c-97aa-69297fafb780,2025-12-19 01:00:00,2025-12-20 00:59:59,80,2206.5000,328.0909,2094,112.5,523.5000,47.5909,1683.0000,280.5000,0.00,0.00,200.0000,9699,9778,t,2025-12-20 01:01:20,d59888ed5972227182ade6542cfe3b0f137648014579392041f71a990d663012
195,MuseBar,ce1b61b1-10e7-430c-97aa-69297fafb780,2025-12-20 01:00:00,2025-12-21 00:59:59,61,4152.0000,641.6591,3628,524,664.5000,60.4091,3487.5000,581.2500,5.00,0.00,200.0000,9779,9839,t,2025-12-21 01:12:52,ba2f41c3f97edad56453ffa50c7b8fc350dc8fa7b910d756f10f95e7a6c885a3
198,MuseBar,ce1b61b1-10e7-430c-97aa-69297fafb780,2025-12-22 01:00:00,2025-12-23 00:59:59,52,2021.0000,287.2500,1931,90,654.5000,59.5000,1366.5000,227.7500,0.00,0.00,200.0000,9840,9891,t,2025-12-23 00:12:18,a094fb77bd8f69fdd43d3ca24993af79d278fb99fee08ac986cf0656cdcd22b3
196,MuseBar,ce1b61b1-10e7-430c-97aa-69297fafb780,2025-12-23 01:00:00,2025-12-24 00:59:59,0,619.5000,92.0000,0,0,148.5000,13.5000,471.0000,78.5000,0.00,0.00,200.0000,0,0,t,2025-12-23 00:02:17,a5e2096fc5c6cf5e25059bfbc73353db440618de82cb3a26879bed831976233e
199,MuseBar,ce1b61b1-10e7-430c-97aa-69297fafb780,2025-12-25 01:00:00,2025-12-26 00:59:59,41,877.0000,144.5758,846.5,30.5,21.0000,1.9091,856.0000,142.6667,0.00,0.00,200.0000,9932,9972,t,2025-12-26 01:47:31,1e568ccc3b0497f57159286da2488954a76c28a71eabc90f17f754ecae2cf1ee
200,MuseBar,ce1b61b1-10e7-430c-97aa-69297fafb780,2025-12-26 01:00:00,2025-12-27 00:59:59,102,2867.0000,422.3031,2681,186,733.0000,66.6364,2134.0000,355.6667,10.00,0.00,200.0000,9973,10070,t,2025-12-27 00:36:06,975f53c761a0ca7b060a73df134b162b9f629d008d560d9eedec09762c014f07
201,MuseBar,ce1b61b1-10e7-430c-97aa-69297fafb780,2025-12-27 01:00:00,2025-12-28 00:59:59,99,2994.0000,459.8333,2719,275,517.0000,47.0000,2477.0000,412.8333,0.00,0.00,200.0000,10071,10169,t,2025-12-28 00:20:02,a97aefd4128d6def0245c8e9a6ae397856f935a1027482cd4feeedf397560ab9
203,MuseBar,ce1b61b1-10e7-430c-97aa-69297fafb780,2025-12-29 01:00:00,2025-12-30 00:59:59,32,1703.0000,247.2424,1583,120,483.0000,43.9091,1220.0000,203.3333,0.00,0.00,200.0000,10170,10198,t,2025-12-30 00:54:28,079d70899ae3eb757f58d9de6efdd5de17b6e74508e1d1d8141aadac10db60a7
205,MuseBar,ce1b61b1-10e7-430c-97aa-69297fafb780,2025-12-30 01:00:00,2025-12-31 00:59:59,74,2052.5000,292.5000,1924,128.5,654.5000,59.5000,1398.0000,233.0000,0.00,0.00,200.0000,10199,10269,t,2025-12-31 00:21:23,bec127a14cbfbd61a2d9ca1bf086053c483a6833d70df696d3e0940898de8bf4
209,MuseBar,ce1b61b1-10e7-430c-97aa-69297fafb780,2026-01-02 01:00:00,2026-01-03 00:59:59,125,2700.5000,418.1894,2593.5,107,421.0000,38.2727,2279.5000,379.9167,0.00,0.00,200.0000,10270,10394,t,2026-01-03 00:39:14,58c431d2b1cf99423563797d5ac6cff7a14fa7cac0fe956dd7278765b1e19cfc
210,MuseBar,ce1b61b1-10e7-430c-97aa-69297fafb780,2026-01-03 01:00:00,2026-01-04 00:59:59,38,1384.5000,203.3258,1246,138.5,362.0000,32.9091,1022.5000,170.4167,0.00,0.00,200.0000,10395,10432,t,2026-01-03 23:50:37,7a18902a485c216f4db70872c4aa5efda1c6b9b7623bde03964408b5845355f6
212,MuseBar,ce1b61b1-10e7-430c-97aa-69297fafb780,2026-01-05 01:00:00,2026-01-06 00:59:59,37,606.0000,91.7576,561,45,122.0000,11.0909,484.0000,80.6667,0.00,0.00,200.0000,10433,10469,t,2026-01-05 22:46:02,1574f4f0e5f8b6e64a1a68f2126cd7e088ca5c614a990c59c0e0f4d419a91269
213,MuseBar,ce1b61b1-10e7-430c-97aa-69297fafb780,2026-01-06 01:00:00,2026-01-07 00:59:59,24,799.0000,105.4394,769,30,366.0000,33.2727,433.0000,72.1667,0.00,0.00,200.0000,10470,10493,t,2026-01-06 23:14:40,b6c506faa688c3de569eacb78e8a53d306c8e59ccb03f96eb12ec8973b1a2e93
214,MuseBar,ce1b61b1-10e7-430c-97aa-69297fafb780,2026-01-07 01:00:00,2026-01-08 00:59:59,38,880.5000,135.2727,872.5,8,151.5000,13.7727,729.0000,121.5000,0.00,0.00,200.0000,10494,10529,t,2026-01-07 23:46:14,501ab14f6448455123640ea1400ec94ae0de4944d22d949356d5ee716914bc2f
216,MuseBar,ce1b61b1-10e7-430c-97aa-69297fafb780,2026-01-08 01:00:00,2026-01-09 00:59:59,34,463.5000,67.4394,400,63.5,129.5000,11.7727,334.0000,55.6667,0.00,0.00,200.0000,10530,10563,t,2026-01-08 21:50:57,be723ba8882a594723155ae4b50b5bf8e82c1c37ec7fbbe0062f96ee1ac60e06
217,MuseBar,ce1b61b1-10e7-430c-97aa-69297fafb780,2026-01-09 01:00:00,2026-01-10 00:59:59,131,2690.0000,398.5606,2649.5,40.5,657.0000,59.7273,2033.0000,338.8333,0.00,0.00,200.0000,10564,10694,t,2026-01-10 01:02:26,a80033d8a33a4efa8e718d3baeda9122d519cb0f0316d88eff6d04a2eaa015e1
218,MuseBar,ce1b61b1-10e7-430c-97aa-69297fafb780,2026-01-10 01:00:00,2026-01-11 00:59:59,66,3332.5000,522.1212,3156,176.5,439.5000,39.9545,2893.0000,482.1667,8.00,0.00,200.0000,10695,10760,t,2026-01-12 16:40:15,9d43a8e374e424d88a6b74632d310181dcce94bcc938709ca530470cc0f3363d
219,MuseBar,ce1b61b1-10e7-430c-97aa-69297fafb780,2026-01-12 01:00:00,2026-01-13 00:59:59,15,373.5000,47.2122,340.5,33,198.5000,18.0455,175.0000,29.1667,0.00,0.00,200.0000,10761,10775,t,2026-01-12 22:10:34,c38e604a04779f971918922054ba83a047f53188edbcc254716f0da89683317a
220,MuseBar,ce1b61b1-10e7-430c-97aa-69297fafb780,2026-01-13 01:00:00,2026-01-14 00:59:59,49,1357.5000,195.3788,1276.5,81,407.5000,37.0455,950.0000,158.3333,0.00,0.00,200.0000,10776,10824,t,2026-01-13 22:45:39,83b97fb25cd4ee220044d6f9a0187103ba8aeb9e30e8593554733e987d1448a2
222,MuseBar,ce1b61b1-10e7-430c-97aa-69297fafb780,2026-01-14 01:00:00,2026-01-15 00:59:59,64,1115.5000,167.0531,989.25,126.25,249.0000,22.6364,866.5000,144.4167,0.00,0.00,200.0000,10825,10888,t,2026-01-14 22:48:54,c12416b75db3204ea6fa947482be9ecd2da4fc2663a8f9b9e5dda85aa400b756
223,MuseBar,ce1b61b1-10e7-430c-97aa-69297fafb780,2026-01-15 01:00:00,2026-01-16 00:59:59,61,1002.5000,143.4849,950,52.5,311.5000,28.3182,691.0000,115.1667,0.00,0.00,200.0000,10889,10949,t,2026-01-15 23:12:20,a3f2c363d578fc023132a7bf4d8ccc2bebf4e67fc1ac1ae7ca9e41c9e2f3f825
224,MuseBar,ce1b61b1-10e7-430c-97aa-69297fafb780,2026-01-16 01:00:00,2026-01-17 00:59:59,97,2747.5000,423.1440,2687,60.5,459.0000,41.7273,2288.5000,381.4167,0.00,0.00,200.0000,10950,11046,t,2026-01-17 00:38:28,b41c8f1815df5742de5ddf60edde8668b17cf63cef736e169e26741cf35d0928
226,MuseBar,ce1b61b1-10e7-430c-97aa-69297fafb780,2026-01-17 01:00:00,2026-01-18 00:59:59,77,2497.9000,335.1500,2327.9,170,1071.4000,97.4000,1426.5000,237.7500,0.00,0.00,200.0000,11047,11123,t,2026-01-18 00:38:05,d13cfd0744e4f144061a9381d68420addc2db01bce80ce740f3a5c5bc84d1563
260,MuseBar,ce1b61b1-10e7-430c-97aa-69297fafb780,2026-01-19 01:00:00,2026-01-20 00:59:59,54,807.5000,111.9128,773.25,34.25,299.2500,27.2045,508.2500,84.7083,0.00,0.00,200.0000,11124,11177,t,2026-01-19 23:12:50,192c90e03b07a9a1ab4404397c0b850cd19d56009e2b9e6a86ad3547b1b9863f
261,MuseBar,ce1b61b1-10e7-430c-97aa-69297fafb780,2026-01-20 01:00:00,2026-01-21 00:59:59,42,1003.5000,143.5758,967,36.5,312.5000,28.4091,691.0000,115.1667,0.00,0.00,200.0000,11178,11219,t,2026-01-20 22:37:02,da1c61738ae09c294f1d10e84ef5c712fac72ea109b3d6ccabdae40412239838
262,MuseBar,ce1b61b1-10e7-430c-97aa-69297fafb780,2026-01-21 01:00:00,2026-01-22 00:59:59,14,1095.0000,155.5303,993.5,101.5,356.0000,32.3636,739.0000,123.1667,0.00,0.00,200.0000,11220,11233,t,2026-01-22 00:00:34,95779ed48cb245ee20fd4982d0018a4f6c3a7cd2b959de72e67aa4742e49168d
263,MuseBar,ce1b61b1-10e7-430c-97aa-69297fafb780,2026-01-22 01:00:00,2026-01-23 00:59:59,66,3825.0000,535.6818,3596,229,1344.0000,122.1818,2481.0000,413.5000,4.00,0.00,200.0000,11234,11299,t,2026-01-23 00:22:49,563f86a9363e7de655215af00c56785edecc80863851b57fed5bc0a20542c75b
264,MuseBar,ce1b61b1-10e7-430c-97aa-69297fafb780,2026-01-23 01:00:00,2026-01-24 00:59:59,105,2604.5000,397.4545,2421.9900000000002,182.5,483.5000,43.9545,2121.0000,353.5000,0.00,0.00,200.0000,11300,11404,t,2026-01-24 00:04:00,08395e198d2108dd01eedc68c0331718f1d15e58dd749daa71108b6271761b54
265,MuseBar,ce1b61b1-10e7-430c-97aa-69297fafb780,2026-01-24 01:00:00,2026-01-25 00:59:59,63,2794.5000,392.1515,2612.5,182,971.5000,88.3182,1823.0000,303.8333,0.00,0.00,200.0000,11405,11467,t,2026-01-25 00:51:08,f332dc83c5022ba4f8d076c7b79ecfd32e38c94b3cf6f3261465e1a2caa01b8f
267,MuseBar,ce1b61b1-10e7-430c-97aa-69297fafb780,2026-01-26 01:00:00,2026-01-27 00:59:59,34,901.5000,126.5000,897.5,4,313.5000,28.5000,588.0000,98.0000,0.00,0.00,200.0000,11468,11501,t,2026-01-26 23:19:25,265af1daaf9ced2f334d71d05c00b65f6205717c212c3ebe6483e4edffc1d2b3
268,MuseBar,ce1b61b1-10e7-430c-97aa-69297fafb780,2026-01-27 01:00:00,2026-01-28 00:59:59,50,922.5000,139.5833,892.5,30,187.0000,17.0000,735.5000,122.5833,0.00,0.00,200.0000,11502,11551,t,2026-01-27 22:32:42,29a0189364ae74c4f1979d0e837cdac073311d1640f294575bbc8a4f2884bedc
269,MuseBar,ce1b61b1-10e7-430c-97aa-69297fafb780,2026-01-28 01:00:00,2026-01-29 00:59:59,35,1017.5000,150.6818,932.5,85,249.5000,22.6818,768.0000,128.0000,0.00,0.00,200.0000,11552,11586,t,2026-01-29 00:16:42,c53424a9b64ebbb6294489a7398c31cf37296a61ee9b37d7960995127b8e92be
270,MuseBar,ce1b61b1-10e7-430c-97aa-69297fafb780,2026-01-29 01:00:00,2026-01-30 00:59:59,75,1347.5000,189.4697,1296,51.5,463.5000,42.1364,884.0000,147.3333,0.00,0.00,200.0000,11587,11661,t,2026-01-29 23:15:30,6566aed34015100997d0e290e48098e6706e0b6dd5dab074e0f340cf1a7ed7ad
271,MuseBar,ce1b61b1-10e7-430c-97aa-69297fafb780,2026-01-30 01:00:00,2026-01-31 00:59:59,109,3227.0000,487.5303,2886.5,340.5,664.0000,60.3636,2563.0000,427.1667,0.00,0.00,200.0000,11662,11770,t,2026-01-31 00:52:27,0d856269d2421def1870fe17c181466dc7769d8c3f16bb5d9f7ce873fca8a785
272,MuseBar,ce1b61b1-10e7-430c-97aa-69297fafb780,2026-01-31 01:00:00,2026-02-01 00:59:59,103,3728.5000,568.5758,3452,276.5,697.5000,63.4091,3031.0000,505.1667,0.00,0.00,200.0000,11771,11873,t,2026-02-01 00:35:04,fb44500dd3717b1b00ac47a4af755af2e25c42699240d8a367b3a3a6a2e6eee1
275,MuseBar,ce1b61b1-10e7-430c-97aa-69297fafb780,2026-02-02 01:00:00,2026-02-03 00:59:59,31,576.0000,80.7727,555,21,201.0000,18.2727,375.0000,62.5000,0.00,0.00,200.0000,11874,11904,t,2026-02-02 23:16:47,14e180d5812d4533ceec304e8fe3b76233373c657db6c9a425692b80d0f7a5e9
276,MuseBar,ce1b61b1-10e7-430c-97aa-69297fafb780,2026-02-03 01:00:00,2026-02-04 00:59:59,32,751.5000,111.9167,742,9.5,176.0000,16.0000,575.5000,95.9167,0.00,0.00,200.0000,11905,11936,t,2026-02-03 23:56:37,479c8fe605bdb86cf123908ee42f32cef959d02032a03bdaabb983151c4d5669
277,MuseBar,ce1b61b1-10e7-430c-97aa-69297fafb780,2026-02-04 01:00:00,2026-02-05 00:59:59,35,773.5000,113.5378,773.5,0,203.0000,18.4545,570.5000,95.0833,0.00,0.00,200.0000,11937,11971,t,2026-02-05 15:51:59,afbd9b5d8f12b0df3f3b267cdde85e7eb1989c6895ad93b9b7c62d5f7e93ca13
280,MuseBar,ce1b61b1-10e7-430c-97aa-69297fafb780,2026-02-05 01:00:00,2026-02-06 00:59:59,87,1459.5000,221.5076,1379.5,80,287.0000,26.0909,1172.5000,195.4167,0.00,0.00,200.0000,11972,12058,t,2026-02-06 00:43:35,d0655d40a714d4fdb806c5d990c8c4986ae33f8f3c843343ad8061da4549a3ec
281,MuseBar,ce1b61b1-10e7-430c-97aa-69297fafb780,2026-02-06 01:00:00,2026-02-07 00:59:59,108,3331.5000,482.0303,3140.5,191,966.5000,87.8636,2365.0000,394.1667,0.00,0.00,200.0000,12059,12166,t,2026-02-07 00:35:19,5a4ca63860e453b5b7865bd8f3d1f484330beb0efc23daf8131d64962de1daef
282,MuseBar,ce1b61b1-10e7-430c-97aa-69297fafb780,2026-02-07 01:00:00,2026-02-08 00:59:59,56,2604.5000,391.6212,2604.5,0,560.5000,50.9545,2044.0000,340.6667,0.00,0.00,200.0000,12167,12222,t,2026-02-08 01:02:17,78351390b4582464d584cd8ce82af75bfca7cf1ab0f7b0a6a468f7e4eac6ca5c
284,MuseBar,ce1b61b1-10e7-430c-97aa-69297fafb780,2026-02-09 01:00:00,2026-02-10 00:59:59,19,452.0000,65.7122,441,11,127.0000,11.5455,325.0000,54.1667,0.00,0.00,200.0000,12224,12242,t,2026-02-09 22:33:01,c4a344a346142979b0c684bcaa1ea683c364de81d0cf3da07f35e3e6cfe45d4a
285,MuseBar,ce1b61b1-10e7-430c-97aa-69297fafb780,2026-02-10 01:00:00,2026-02-11 00:59:59,41,1300.5000,168.9849,1238.5,62,630.5000,57.3182,670.0000,111.6667,0.00,0.00,200.0000,12243,12283,t,2026-02-10 23:32:44,d0dc63080a612786fdcded542840344f2881c072e756277f6ab8186afc0a808c
286,MuseBar,ce1b61b1-10e7-430c-97aa-69297fafb780,2026-02-11 01:00:00,2026-02-12 00:59:59,22,749.0000,98.4318,719.5,29.5,348.5000,31.6818,400.5000,66.7500,0.00,0.00,200.0000,12284,12305,t,2026-02-11 22:36:06,7ff32f646472a62b3d2f6b13779a359029347279fcd72acdf6c2547e7224bd81
287,MuseBar,ce1b61b1-10e7-430c-97aa-69297fafb780,2026-02-12 01:00:00,2026-02-13 00:59:59,95,2177.5000,319.5833,2163.5,14,572.0000,52.0000,1605.5000,267.5833,0.00,0.00,200.0000,12306,12400,t,2026-02-13 00:14:21,d013217b9b174e56f7d358a6b03c481ddb30677e44bb15acb997e0977eb37d2b
288,MuseBar,ce1b61b1-10e7-430c-97aa-69297fafb780,2026-02-13 01:00:00,2026-02-14 00:59:59,114,3091.5000,430.7045,2936.5,155,1116.0000,101.4545,1975.5000,329.2500,0.00,0.00,200.0000,12401,12514,t,2026-02-14 00:18:36,8246f0c97326868240f598fdd19d1af0519eae843c970aab5de0f6ddfa28236e
291,MuseBar,ce1b61b1-10e7-430c-97aa-69297fafb780,2026-02-14 01:00:00,2026-02-15 00:59:59,97,2674.0000,388.5455,2493.5,180.5,754.0000,68.5455,1920.0000,320.0000,0.00,0.00,200.0000,12515,12610,t,2026-02-15 23:55:02,e556f3aa09b054d2b921e9376512cb6249908f0333620fca39a314a20ffdfdec
292,MuseBar,ce1b61b1-10e7-430c-97aa-69297fafb780,2026-02-15 01:00:00,2026-02-16 00:59:59,35,555.5000,92.2045,485.5,70,5.0000,0.4545,550.5000,91.7500,0.00,0.00,200.0000,12611,12645,t,2026-02-15 23:59:20,30a22f4b717ad7db5b7edef91cdc3c3f654050c776328ae014a0499fc2d81adb
294,MuseBar,ce1b61b1-10e7-430c-97aa-69297fafb780,2026-02-16 01:00:00,2026-02-17 00:59:59,36,684.0000,93.2045,637.5,46.5,274.5000,24.9545,409.5000,68.2500,0.00,0.00,200.0000,12646,12681,t,2026-02-16 22:39:43,14614df1550b207a99ebf07facba6e2415ec4117371b113d987805bfc4dccd36
295,MuseBar,ce1b61b1-10e7-430c-97aa-69297fafb780,2026-02-17 01:00:00,2026-02-18 00:59:59,56,1231.0000,171.8712,1149.5,81.5,439.5000,39.9545,791.5000,131.9167,0.00,0.00,200.0000,12682,12737,t,2026-02-17 22:49:29,8c6d2df2f829ac0c74103322f34e80905d1cbf497bea714c6e464ef1025eb33e
296,MuseBar,ce1b61b1-10e7-430c-97aa-69297fafb780,2026-02-18 01:00:00,2026-02-19 00:59:59,32,873.0000,123.3031,793,80,293.0000,26.6364,580.0000,96.6667,0.00,0.00,200.0000,12738,12769,t,2026-02-18 21:54:42,b64d2f0163baf942fe3e4e9e24a73942aaa9356ea6a5c9b374eae088f02396aa
297,MuseBar,ce1b61b1-10e7-430c-97aa-69297fafb780,2026-02-19 01:00:00,2026-02-20 00:59:59,97,1974.5000,295.1060,1880.5,94,448.5000,40.7727,1526.0000,254.3333,0.00,0.00,200.0000,12770,12866,t,2026-02-20 00:26:18,eb972ec923a6c07c789269e594ff0aa77ca1aa7cddc7cd990402be80a4781521
298,MuseBar,ce1b61b1-10e7-430c-97aa-69297fafb780,2026-02-20 01:00:00,2026-02-21 00:59:59,167,2690.5000,418.7576,2549,141.5,391.5000,35.5909,2299.0000,383.1667,0.00,0.00,200.0000,12867,13027,t,2026-02-21 00:50:55,9ee5a87e826cb144389c59e0d4e87d3b7b9471c3328fb362e2e77ca8ff6730ff
300,MuseBar,ce1b61b1-10e7-430c-97aa-69297fafb780,2026-02-21 01:00:00,2026-02-22 00:59:59,75,3351.0000,475.2803,3219.5,131.5,1098.5000,99.8636,2252.5000,375.4167,0.00,0.00,200.0000,13028,13102,t,2026-02-22 00:54:58,76d7cb9bbeedaf629f4f4629d35602389db96c0a079be3f21f9f0eedc2af6c9e
302,MuseBar,ce1b61b1-10e7-430c-97aa-69297fafb780,2026-02-23 01:00:00,2026-02-24 00:59:59,27,1123.5000,152.6288,1110.5,13,457.0000,41.5455,666.5000,111.0833,0.00,0.00,200.0000,13103,13129,t,2026-02-23 23:05:46,8bb7928019ab270c82f684822688490cc90571dcc98e4cb2637baa01210926bc
303,MuseBar,ce1b61b1-10e7-430c-97aa-69297fafb780,2026-02-24 01:00:00,2026-02-25 00:59:59,41,1481.5000,216.1969,1447.5,34,405.5000,36.8636,1076.0000,179.3333,0.00,0.00,200.0000,13130,13170,t,2026-02-24 22:22:15,cf65db3e5b05248be2074b2358fc29f2f00a2e238db94350fc78f29585b75187
304,MuseBar,ce1b61b1-10e7-430c-97aa-69297fafb780,2026-02-25 01:00:00,2026-02-26 00:59:59,50,1810.5000,263.8712,1651.5,159,500.0000,45.4545,1310.5000,218.4167,0.00,0.00,200.0000,13171,13220,t,2026-02-26 00:32:01,b97fce2f97eb72930dfc9220727228d0c2ceefc71da609ff23b2e819e6c07737
305,MuseBar,ce1b61b1-10e7-430c-97aa-69297fafb780,2026-02-26 01:00:00,2026-02-27 00:59:59,64,1678.5000,248.4242,1586,92.5,413.5000,37.5909,1265.0000,210.8333,0.00,0.00,200.0000,13221,13284,t,2026-02-26 23:35:40,2721d75e00bf93fbe72dd9633571a21d6763b8f56b268d9e9c7229cfe112a355
306,MuseBar,ce1b61b1-10e7-430c-97aa-69297fafb780,2026-02-27 01:00:00,2026-02-28 00:59:59,114,2537.5000,387.3106,2483.5,54,470.0000,42.7273,2067.5000,344.5833,0.00,0.00,200.0000,13285,13398,t,2026-02-28 00:51:47,2f57d441daa0d8645d4564f728d18c5363398fdf9b0626c6fc94ada7059f962f
307,MuseBar,ce1b61b1-10e7-430c-97aa-69297fafb780,2026-02-28 01:00:00,2026-03-01 00:59:59,73,3248.0000,453.7955,3036.5,211.5,1155.5000,105.0455,2092.5000,348.7500,0.00,0.00,200.0000,13399,13471,t,2026-03-01 00:25:31,0940e8bc5d01fcddc7245271def3e57148c94d05ee684973b44dffd6570bc5a4
343,MuseBar,ce1b61b1-10e7-430c-97aa-69297fafb780,2026-03-02 01:00:00,2026-03-03 00:59:59,45,705.0000,106.0985,695.5,9.5,150.5000,13.6818,554.5000,92.4167,0.00,0.00,200.0000,13472,13516,t,2026-03-02 22:19:00,54df999b93e186a8cf9e0fbd521de9ba4b2f3e41c46958c8a37c0a9c377fb707
344,MuseBar,ce1b61b1-10e7-430c-97aa-69297fafb780,2026-03-03 01:00:00,2026-03-04 00:59:59,47,1270.5000,163.9469,1191.5,79,631.0000,57.3636,639.5000,106.5833,0.00,0.00,200.0000,13517,13563,t,2026-03-03 23:17:14,c22dc3092fda94da247f39997e114fbeec40d3ed2267182dbcdda4c07973b62e
346,MuseBar,ce1b61b1-10e7-430c-97aa-69297fafb780,2026-03-04 01:00:00,2026-03-05 00:59:59,40,969.0000,142.7500,926,43,247.5000,22.5000,721.5000,120.2500,0.00,0.00,200.0000,13564,13603,t,2026-03-05 00:12:48,86725672e6ff8e3920e546d0a57e5c28e7ccc3df3f16701812bb769ffd5b6960
348,MuseBar,ce1b61b1-10e7-430c-97aa-69297fafb780,2026-03-05 01:00:00,2026-03-06 00:59:59,95,2638.0000,404.8182,2487.5,150.5,460.0000,41.8182,2178.0000,363.0000,0.00,0.00,200.0000,13604,13698,t,2026-03-06 00:14:17,9a47470f3b0b1a66ac55df3808def2b3bc68aa38345426a16177651f3ead0da0
349,MuseBar,ce1b61b1-10e7-430c-97aa-69297fafb780,2026-03-06 01:00:00,2026-03-07 00:59:59,106,2694.0000,403.1288,2628,66,605.5000,55.0455,2088.5000,348.0833,0.00,0.00,200.0000,13699,13804,t,2026-03-07 00:51:51,7a6c52f1827581efe6c0f01cfc2e18d0600360aa3de0e65e47c8b24010bfd98a
351,MuseBar,ce1b61b1-10e7-430c-97aa-69297fafb780,2026-03-07 01:00:00,2026-03-08 00:59:59,53,2146.0000,301.9091,1954,192,736.0000,66.9091,1410.0000,235.0000,0.00,0.00,200.0000,13805,13857,t,2026-03-08 00:29:19,71d6b78a7897b938e6b8f39bbffac0656936a8dab4f67cfee3365e9bd199014d
353,MuseBar,ce1b61b1-10e7-430c-97aa-69297fafb780,2026-03-09 01:00:00,2026-03-10 00:59:59,55,860.9000,124.4303,788.4,72.5,251.5000,22.8636,609.4000,101.5667,0.00,0.00,200.0000,13858,13912,t,2026-03-09 22:46:58,55981e9b134e4783848d6edc13e99c682acf0a000c820994508c2382532ce717
354,MuseBar,ce1b61b1-10e7-430c-97aa-69297fafb780,2026-03-10 01:00:00,2026-03-11 00:59:59,65,1354.0000,210.2500,1260.5,93.5,203.5000,18.5000,1150.5000,191.7500,0.00,0.00,200.0000,13913,13977,t,2026-03-11 00:28:14,96dec11f7536cd54e33ef37975b7aff52940ab33bc16206b78ac5e751403645c
355,MuseBar,ce1b61b1-10e7-430c-97aa-69297fafb780,2026-03-11 01:00:00,2026-03-12 00:59:59,34,761.5000,110.2878,711.5,50,219.5000,19.9545,542.0000,90.3333,0.00,0.00,200.0000,13978,14011,t,2026-03-11 23:17:40,604e95fcb061e84b3b3c81998db784eb72435d4ce50fbdc428ae2b8c91f62704
356,MuseBar,ce1b61b1-10e7-430c-97aa-69297fafb780,2026-03-12 01:00:00,2026-03-13 00:59:59,25,1427.0000,202.1136,1307,120,471.5000,42.8636,955.5000,159.2500,0.00,0.00,200.0000,14012,14036,t,2026-03-13 00:00:50,eb5f9df6ce39aacb3de3b7a3501de0c158866c913a5c1444c18e4df3ac4fb7f8
357,MuseBar,ce1b61b1-10e7-430c-97aa-69297fafb780,2026-03-13 01:00:00,2026-03-14 00:59:59,99,2346.0000,366.3409,2202,144,325.5000,29.5909,2020.5000,336.7500,0.00,0.00,200.0000,14037,14135,t,2026-03-14 00:20:18,fcbb12200e89f719d5d952454f1eb21c8305ee73821410b27e72c56c8591cfe2
358,MuseBar,ce1b61b1-10e7-430c-97aa-69297fafb780,2026-03-14 01:00:00,2026-03-15 00:59:59,50,2122.5000,308.2955,2122.5,0,600.0000,54.5455,1522.5000,253.7500,0.00,0.00,200.0000,14136,14185,t,2026-03-15 01:06:20,9defbb7a95ec43a3441deebc00581763a293d37ed8e01e6bbb9a3297d18ea2e5
362,MuseBar,ce1b61b1-10e7-430c-97aa-69297fafb780,2026-03-15 01:00:00,2026-03-16 00:59:59,1,660.5000,106.1440,0,660.5,52.0000,4.7273,608.5000,101.4167,0.00,0.00,200.0000,14186,14186,t,2026-03-16 23:28:52,4a04210e1a2a306138ba66b5e2e4ec2d2babdbfc9bc79ef05748bbc73a52be5b
361,MuseBar,ce1b61b1-10e7-430c-97aa-69297fafb780,2026-03-16 01:00:00,2026-03-17 00:59:59,36,684.0000,97.4091,632.5,51.5,219.0000,19.9091,465.0000,77.5000,0.00,0.00,200.0000,14187,14222,t,2026-03-16 23:22:39,bb75a66e5fe635d2b1b14447412ae154e1138220a336cf522ddd32ac3585dd38
363,MuseBar,ce1b61b1-10e7-430c-97aa-69297fafb780,2026-03-17 01:00:00,2026-03-18 00:59:59,39,1234.0000,184.9849,1154.5,79.5,273.0000,24.8182,961.0000,160.1667,0.00,0.00,200.0000,14223,14261,t,2026-03-17 23:23:37,ccc4b9cbe6787fba12063a603c6a590633c4d95e652bfe8d12ec05cc6640aa7b
364,MuseBar,ce1b61b1-10e7-430c-97aa-69297fafb780,2026-03-18 01:00:00,2026-03-19 00:59:59,25,2063.0000,304.0227,1939,124,525.5000,47.7727,1537.5000,256.2500,0.00,0.00,200.0000,14262,14286,t,2026-03-19 00:47:02,2f0b2e3dff80247bdc8bb63739cea10a7ca1e70f78a51c66652a6dc654364d35
365,MuseBar,ce1b61b1-10e7-430c-97aa-69297fafb780,2026-03-19 01:00:00,2026-03-20 00:59:59,80,1119.5000,164.8409,1062.5,57,287.0000,26.0909,832.5000,138.7500,0.00,0.00,200.0000,14287,14366,t,2026-03-20 01:04:42,4a84d8c1141a1dfdbbbe879d269d53ffc66cfa8b0900cfb8fb13550996327b57
366,MuseBar,ce1b61b1-10e7-430c-97aa-69297fafb780,2026-03-20 01:00:00,2026-03-21 00:59:59,141,2977.7500,446.8788,2802.75,175,652.2500,59.2955,2325.5000,387.5833,2.00,0.00,200.0000,14367,14507,t,2026-03-21 00:58:16,4f4b0c5fe395f99e3029ee42f88e9e6e864f9cff958d2f5cf4a708c03ae232bb
367,MuseBar,ce1b61b1-10e7-430c-97aa-69297fafb780,2026-03-21 01:00:00,2026-03-22 00:59:59,75,1845.0000,277.5758,1674,171,395.0000,35.9091,1450.0000,241.6667,0.00,0.00,200.0000,14508,14582,t,2026-03-22 00:52:35,da90e74d0b05af6e7b7bdc6f9f04097d129733919ae7db34a44a6098d07d9d48
370,MuseBar,ce1b61b1-10e7-430c-97aa-69297fafb780,2026-03-23 02:00:00,2026-03-24 01:59:59,19,1042.5000,162.7651,939.5,103,145.0000,13.1818,897.5000,149.5833,0.00,0.00,200.0000,14583,14601,t,2026-03-24 00:57:00,6105671c292ef002dd39677c8914b71f29fdf2493bc4b0a88d49689726554f97
371,MuseBar,ce1b61b1-10e7-430c-97aa-69297fafb780,2026-03-24 02:00:00,2026-03-25 01:59:59,32,836.5000,124.6060,751.5,85,195.5000,17.7727,641.0000,106.8333,0.00,0.00,200.0000,14602,14633,t,2026-03-25 00:21:41,d6786de46589a902666085b9dbad9cecb224629813f55693413f4440aaa25a8b
373,MuseBar,ce1b61b1-10e7-430c-97aa-69297fafb780,2026-03-26 02:00:00,2026-03-27 01:59:59,39,1047.0000,146.6969,963,84,367,33.3636,680,113.3333,3.00,0.00,200.0000,14667,14705,t,2026-03-27 01:53:28,b4c6dbea9a8c893d48a0cbdb07a109c984305ee5535423bbb79105a0748a0457
374,MuseBar,ce1b61b1-10e7-430c-97aa-69297fafb780,2026-03-27 02:00:00,2026-03-28 01:59:59,134,2359.5000,343.2500,2210,149.5,660,60,1699.5,283.25,0.00,4.00,200.0000,14706,14839,t,2026-03-28 01:33:17,c9d3c9bb5c02e1a5797b748e0872883b3f04ff0c0d018bf0a797814edbd500c8
376,MuseBar,ce1b61b1-10e7-430c-97aa-69297fafb780,2026-03-28 02:00:00,2026-03-29 00:59:59,34,1269.0000,196.1591,1269,0,202.5,18.4091,1066.5,177.75,0.00,0.00,200.0000,14840,14873,t,2026-03-29 01:30:50,164a1688c6985c50a3736b41310171526f25e12b1888b4cbb659a7619ecf2bac
379,MuseBar,ce1b61b1-10e7-430c-97aa-69297fafb780,2026-03-29 01:00:00,2026-03-30 00:59:59,37,2785.7000,381.9576,2571.7,214,1086.7,98.7909,1699,283.1667,0.00,0.00,200.0000,14874,14910,t,2026-03-29 23:29:09,0e2ffd7d0023333a4f9e18685ae67739ee8038f04c7b57b9046a9766a19a89c4
381,MuseBar,ce1b61b1-10e7-430c-97aa-69297fafb780,2026-03-30 02:00:00,2026-03-31 01:59:59,24,514.0000,76.5378,469.5,44.5,120.5,10.9545,393.5,65.5833,3.00,0.00,200.0000,14911,14934,t,2026-03-30 22:59:58,8480945d4565d13faec9d0f9c271ba4623d597039f33fde3cdca35fe6a6db57b
382,MuseBar,ce1b61b1-10e7-430c-97aa-69297fafb780,2026-03-31 02:00:00,2026-04-01 01:59:59,31,1057.5000,138.8636,1016.5,41,493.5,44.8636,564,94,0.00,0.00,200.0000,14935,14965,t,2026-04-01 00:52:59,3976e7e0d2ea056f05a2ff2ad64f9d0b9e96bf195027a071960db3a5001fa7ee
385,MuseBar,ce1b61b1-10e7-430c-97aa-69297fafb780,2026-04-01 02:00:00,2026-04-02 01:59:59,72,2470.5000,361.4849,2357,113.5,663.5,60.3182,1807,301.1667,0.00,0.00,200.0000,14966,15037,t,2026-04-02 01:26:21,750a083361b1b53c628189eec3eb0d62f6253deecd57e2c5aae5b8bc7e45f714
386,MuseBar,ce1b61b1-10e7-430c-97aa-69297fafb780,2026-04-02 02:00:00,2026-04-03 01:59:59,98,1548.0000,232.0151,1430,118,343,31.1818,1205,200.8333,0.00,0.00,200.0000,15038,15135,t,2026-04-03 00:22:20,fb13aaa1e4694e5660d0f53a8a7eae7f033703ce784f44d959ff7bb09d40f634
387,MuseBar,ce1b61b1-10e7-430c-97aa-69297fafb780,2026-04-03 02:00:00,2026-04-04 01:59:59,160,3277.5000,506.6667,3215,62.5,522.5,47.5,2755,459.1667,0.00,15.00,200.0000,15136,15295,t,2026-04-04 01:58:20,30c4750b5006558d90790c2d8a73743405c69efc747fa6cbbf5fd4421760541f
388,MuseBar,ce1b61b1-10e7-430c-97aa-69297fafb780,2026-04-04 02:00:00,2026-04-05 01:59:59,69,1977.0000,295.5227,1799,178,448.5,40.7727,1528.5,254.75,0.00,0.00,200.0000,15296,15364,t,2026-04-05 01:50:24,2088087821df62cee8007fa0537cfa4cf4f867e776cb0cf3bd4d795c5b782c79
389,MuseBar,ce1b61b1-10e7-430c-97aa-69297fafb780,2026-04-05 02:00:00,2026-04-06 01:59:59,59,898.5000,139.7122,847,51.5,132.5,12.0455,766,127.6667,0.00,0.00,200.0000,15365,15423,t,2026-04-05 23:21:32,d8200f32ba68799c09c4c002e40084078cc032c624ffa1115836cb60ee79d905
391,MuseBar,ce1b61b1-10e7-430c-97aa-69297fafb780,2026-04-06 02:00:00,2026-04-07 01:59:59,14,309.0000,41.5758,302.5,6.5,131,11.9091,178,29.6667,0.00,0.00,200.0000,15424,15437,t,2026-04-06 22:26:43,02f431e64dbb6fdf0b2699829c87bf5d4f613ee67bef341c0888f5b19bd4136e
424,MuseBar,ce1b61b1-10e7-430c-97aa-69297fafb780,2026-04-07 02:00:00,2026-04-08 01:59:59,21,1134.0000,165.8182,1110.5,23.5,306,27.8182,828,138,0.00,0.00,200.0000,15438,15458,t,2026-04-08 01:19:33,047fbfc0d7c016c1ddac450ac1ad9f75a24aa8014a252907c6016cdf453504ef
425,MuseBar,ce1b61b1-10e7-430c-97aa-69297fafb780,2026-04-08 02:00:00,2026-04-09 01:59:59,18,1395.5000,194.5531,1325.5,70,502,45.6364,893.5,148.9167,0.00,0.00,200.0000,15459,15476,t,2026-04-09 01:07:38,a61cfca90ccf31377506ab7d5257daae8447415a6faca1dc96e5309a748a7426
426,MuseBar,ce1b61b1-10e7-430c-97aa-69297fafb780,2026-04-09 02:00:00,2026-04-10 01:59:59,96,2063.0000,299.4773,1891,172,585.5,53.2273,1477.5,246.25,4.00,0.00,200.0000,15477,15572,t,2026-04-10 01:57:47,b106c310ecb644f5a3649d7ad61e371644b82a7784c1893133c42bc7aee88c05
427,MuseBar,ce1b61b1-10e7-430c-97aa-69297fafb780,2026-04-10 02:00:00,2026-04-11 01:59:59,51,2197.0000,304.9545,2177,20,808,73.4545,1389,231.5,0.00,0.00,200.0000,15573,15623,t,2026-04-11 01:47:07,9b83312b7f1c22941b5824149e2304b9c89458ba728836aa301b0a906653e223
428,MuseBar,ce1b61b1-10e7-430c-97aa-69297fafb780,2026-04-11 02:00:00,2026-04-12 01:59:59,106,3782.5000,563.0303,3510.5,272,889.5,80.8636,2893,482.1667,0.00,0.00,95.0000,15624,15729,t,2026-04-12 01:45:14,8fe134ddd1fede1957eea62c8ae0d1f54594817aaa39fa67e509f313517585c1
430,MuseBar,ce1b61b1-10e7-430c-97aa-69297fafb780,2026-04-12 02:00:00,2026-04-13 01:59:59,16,308.0000,42.0151,281,27,123,11.1818,185,30.8333,1.50,0.00,95.0000,15730,15745,t,2026-04-12 22:23:25,f910bd7bbcef014af9496b98b2adca365728b53c7289e833335bd6283cc2cceb
432,MuseBar,ce1b61b1-10e7-430c-97aa-69297fafb780,2026-04-13 02:00:00,2026-04-14 01:59:59,27,1044.0000,152.5985,999.5,44.5,282.5,25.6818,761.5,126.9167,0.00,0.00,95.0000,15746,15772,t,2026-04-13 23:52:07,5eb145e5a30d9647c8c819fcb610a5c9c0888d0f1b77a84204a5a69c695ccaf4
434,MuseBar,ce1b61b1-10e7-430c-97aa-69297fafb780,2026-04-14 02:00:00,2026-04-15 01:59:59,46,1546.0000,229.4091,1423,123,373,33.9091,1173,195.5,0.00,0.00,89.5000,15773,15818,t,2026-04-15 00:22:40,c2345e2e3688ff60d68fb95d8c0dc7b1938abc7ec54c8317de0b713fb384432c
435,MuseBar,ce1b61b1-10e7-430c-97aa-69297fafb780,2026-04-15 02:00:00,2026-04-16 01:59:59,97,1745.0000,256.2878,1644.0000000000002,101,456,41.4545,1289,214.8333,0.00,0.00,89.5000,15819,15915,t,2026-04-16 00:44:27,663002652d0608a227fe37349cdbe8a93c3beaf6be06e7c59c67a07f67fb3d4d
436,MuseBar,ce1b61b1-10e7-430c-97aa-69297fafb780,2026-04-16 02:00:00,2026-04-17 01:59:59,123,1909.0000,291.4242,1828.5,80.5,353,32.0909,1556,259.3333,0.00,0.00,90.0000,15916,16038,t,2026-04-17 01:35:32,1cbf9d7b3aba9475edf96556ce2eeecc19bf37946eeac3dafec9a1632ed66bf3
437,MuseBar,ce1b61b1-10e7-430c-97aa-69297fafb780,2026-04-17 02:00:00,2026-04-18 01:59:59,101,1626.5000,226.7651,1554.9999999999998,71.5,585,53.1818,1041.5,173.5833,3.50,0.00,185.0000,16039,16138,t,2026-04-18 01:33:16,3e5ce56700178ca43334e13d0bfe78bdbb60f269036d61c656db58b2ef040ce7
438,MuseBar,ce1b61b1-10e7-430c-97aa-69297fafb780,2026-04-18 02:00:00,2026-04-19 01:59:59,70,3285.5000,487.2045,3174.5,111,797,72.4545,2488.5,414.75,0.00,10.00,185.0000,16139,16208,t,2026-04-19 01:53:46,47ff99e97325edc183c02768285f6b5479a9b667a099039a868194b7cadc2ad9
439,MuseBar,ce1b61b1-10e7-430c-97aa-69297fafb780,2026-04-19 02:00:00,2026-04-20 01:59:59,42,445.5000,68.1894,422.5,23,80,7.2727,365.5,60.9167,0.00,0.00,185.0000,16209,16250,t,2026-04-19 22:32:12,3a80d35122ea76c6df575a36f767b4e5a96b11a483118c816f17e738d5ed61a9
441,MuseBar,ce1b61b1-10e7-430c-97aa-69297fafb780,2026-04-20 02:00:00,2026-04-21 01:59:59,39,799.0000,110.5909,664,135,298,27.0909,501,83.5,0.00,0.00,185.0000,16251,16289,t,2026-04-20 22:59:28,cd477186ea59bc63a35aa8d8ebb3adb091d534ef6f9ef929a11070c68ad37b54
442,MuseBar,ce1b61b1-10e7-430c-97aa-69297fafb780,2026-04-21 02:00:00,2026-04-22 01:59:59,11,1086.0000,156.1515,996,90,328,29.8182,758,126.3333,0.00,0.00,185.0000,16290,16300,t,2026-04-22 01:51:53,07b856b55b7e0fef0a48caf974b4a1e39a29a12d12e638dab1f00852cf5a40ec
444,MuseBar,ce1b61b1-10e7-430c-97aa-69297fafb780,2026-04-22 02:00:00,2026-04-23 01:59:59,37,2128.0000,330.8409,1962.5,165.5,314.5,28.5909,1813.5,302.25,0.00,0.00,200.0000,16301,16337,t,2026-04-23 01:54:26,2351567b480885ee1150041d5c83615ecaee95db7d6e2ceebc9b916bd6e1ce29
445,MuseBar,ce1b61b1-10e7-430c-97aa-69297fafb780,2026-04-23 02:00:00,2026-04-24 01:59:59,46,1633.5000,240.9622,1509.5,124,413,37.5455,1220.5,203.4167,0.00,0.00,200.0000,16338,16383,t,2026-04-24 01:07:14,3980e4e0fb5579859fd0fcfdf2eef6b05b6d0ea650412ee8c3b33fd27b919348
446,MuseBar,ce1b61b1-10e7-430c-97aa-69297fafb780,2026-04-24 02:00:00,2026-04-25 01:59:59,84,2373.5000,360.3940,2289.5,84,464.5,42.2273,1909,318.1667,7.00,0.00,200.0000,16384,16467,t,2026-04-25 01:46:47,58b15d7c4788381cd9d9c3f8ca6e55d3d17662ea800992618794651f5c0eaba6
448,MuseBar,ce1b61b1-10e7-430c-97aa-69297fafb780,2026-04-25 02:00:00,2026-04-26 01:59:59,119,3142.0000,450.9015,3030,112,960.5,87.3182,2181.5,363.5833,0.00,0.00,200.0000,16468,16586,t,2026-04-26 02:05:16,818ddb2598b69ce18e23ff260aa491fd1361a7df1e725c39c2ec776c433119a7
449,MuseBar,ce1b61b1-10e7-430c-97aa-69297fafb780,2026-04-26 02:00:00,2026-04-27 01:59:59,63,789.5000,116.2045,697.5,92,203,18.4545,586.5,97.75,4.00,0.00,200.0000,16587,16649,t,2026-04-26 22:15:19,6d9dd75466a3cca0ae83ce627d5b8eac237a08af02b5792dde031be6f60703be
451,MuseBar,ce1b61b1-10e7-430c-97aa-69297fafb780,2026-04-27 02:00:00,2026-04-28 01:59:59,43,1556.0000,219.4469,1475,81,526.5,47.8636,1029.5,171.5833,0.00,0.00,200.0000,16650,16692,t,2026-04-28 01:47:20,82403c5e53225e148c69a47d3d174a6ffb4edaad3ed2df29bd59ba6aecc6b835
452,MuseBar,ce1b61b1-10e7-430c-97aa-69297fafb780,2026-04-28 02:00:00,2026-04-29 01:59:59,10,651.0000,95.5076,631.5,19.5,171.5,15.5909,479.5,79.9167,0.00,0.00,200.0000,16693,16702,t,2026-04-29 00:11:54,0ed743875f5e5368f31cc383ffbb2f5687e4ab33adfb09296d60a0cd0bee5d10
453,MuseBar,ce1b61b1-10e7-430c-97aa-69297fafb780,2026-04-29 02:00:00,2026-04-30 01:59:59,33,1624.0000,230.2122,1531,93,534,48.5455,1090,181.6667,0.00,0.00,200.0000,16703,16735,t,2026-04-30 01:31:27,f38f6af2bd11e26ed05a1e0265f35c5709af2c402942abe86064c2076dc333f2
455,MuseBar,ce1b61b1-10e7-430c-97aa-69297fafb780,2026-04-30 02:00:00,2026-05-01 01:59:59,33,2633.5000,407.2878,2503,138.5,417.5,37.9545,2216,369.3333,0.00,0.00,200.0000,16736,16767,t,2026-05-01 01:54:48,a577bc5a7fc8b770af3d3b927b69f76a315e14ee12b4954deac13534f2ebe355
457,MuseBar,ce1b61b1-10e7-430c-97aa-69297fafb780,2026-05-02 02:00:00,2026-05-03 01:59:59,62,2253.0000,331.5985,2049.5,203.5,579.5,52.6818,1673.5,278.9167,0.00,0.00,200.0000,16768,16829,t,2026-05-03 01:56:07,9b0d91c00c7d459be722a919c771365045b22364c03e45c3c1e6876ef946fafe
458,MuseBar,ce1b61b1-10e7-430c-97aa-69297fafb780,2026-05-03 02:00:00,2026-05-04 01:59:59,15,175.5000,25.9545,147.5,28,43.5,3.9545,132,22,0.00,0.00,200.0000,16830,16844,t,2026-05-03 21:47:52,d4dedcba564546581bc563c648db4e5d75b289dbd1014d384e6d8f1c5313c53e
460,MuseBar,ce1b61b1-10e7-430c-97aa-69297fafb780,2026-05-04 02:00:00,2026-05-05 01:59:59,45,730.0000,100.8712,699,31,274.5,24.9545,455.5,75.9167,0.00,0.00,200.0000,16845,16889,t,2026-05-05 00:29:12,4ed35dc041787c7c3ad189f9046c859db7b2a8edddea588c7ee26d6c27a7ff0b
461,MuseBar,ce1b61b1-10e7-430c-97aa-69297fafb780,2026-05-05 02:00:00,2026-05-06 01:59:59,16,1300.0000,131.1742,1221.5,78.5,1128.5,102.5909,171.5,28.5833,0.00,2.00,200.0000,16890,16905,t,2026-05-06 01:40:40,16acc90c0e8b4aeed945fcace2ba5c14da2552c2d4a3613bb3f8f4088b60dcc6
462,MuseBar,ce1b61b1-10e7-430c-97aa-69297fafb780,2026-05-06 02:00:00,2026-05-07 01:59:59,56,2309.5000,301.3182,2173,136.5,1103.5,100.3182,1206,201,0.00,10.00,200.0000,16906,16961,t,2026-05-07 01:02:48,215183fc4e554fbec90357533ab6acc13f8234f3b5c2cc2ef6d1f5aba57f84d1
463,MuseBar,ce1b61b1-10e7-430c-97aa-69297fafb780,2026-05-07 02:00:00,2026-05-08 01:59:59,42,2335.0000,330.8333,2259,76,770,70,1565,260.8333,0.00,0.00,200.0000,16962,17003,t,2026-05-08 01:56:07,9dff4b3187681ce6ab94e53caa2ecb35032f6b390d2f2ffed466c689b22cd6c7
464,MuseBar,ce1b61b1-10e7-430c-97aa-69297fafb780,2026-05-08 02:00:00,2026-05-09 01:59:59,109,2822.0000,427.1136,2578,244,570.5,51.8636,2251.5,375.25,0.00,0.00,200.0000,17004,17112,t,2026-05-09 01:55:22,df2fa1bb05f100f90cb70a21ef0bed4bbebc2e8bb9f4e8184fee441f0798e9c9
465,MuseBar,ce1b61b1-10e7-430c-97aa-69297fafb780,2026-05-09 02:00:00,2026-05-10 01:59:59,55,1925.0000,285.9091,1824.8400000000004,100.16,461,41.9091,1464,244,0.00,0.00,200.0000,17113,17167,t,2026-05-10 01:50:43,06c3d3010375f3d3740e60099dc478ec884cbcf807a2910e478236378d39a3dd
466,MuseBar,ce1b61b1-10e7-430c-97aa-69297fafb780,2026-05-10 02:00:00,2026-05-11 01:59:59,26,344.0000,52.4469,305.5,38.5,64.5,5.8636,279.5,46.5833,0.00,0.00,200.0000,17168,17193,t,2026-05-10 22:41:11,c85359586b78595aa34ae5f4ffd37205368e723436044f1f9e278fb547997081
468,MuseBar,ce1b61b1-10e7-430c-97aa-69297fafb780,2026-05-11 02:00:00,2026-05-12 01:59:59,38,700.0000,104.6591,654,46,158.5,14.4091,541.5,90.25,0.00,0.00,200.0000,17194,17231,t,2026-05-11 23:34:30,43c2ee160036f0c42e35234425d380210cb891f5a7efb484a959151b69c1b663
469,MuseBar,ce1b61b1-10e7-430c-97aa-69297fafb780,2026-05-12 02:00:00,2026-05-13 01:59:59,16,1626.0000,222.7045,1505,121,637.5,57.9545,988.5,164.75,0.00,2.00,200.0000,17232,17247,t,2026-05-13 01:31:52,a820a3dede82f84df232b109db0f541edfb9a60ef6b2b6d6a1d95c7b1f9f298d
470,MuseBar,ce1b61b1-10e7-430c-97aa-69297fafb780,2026-05-13 02:00:00,2026-05-14 01:59:59,39,3121.0000,437.7424,2989.5,131.5,1088,98.9091,2033,338.8333,0.00,0.00,200.0000,17248,17286,t,2026-05-14 01:40:08,1831afabbd2858f66dec3363431672d36ed04b3fe6aa56e17b2df721d85e38bc
471,MuseBar,ce1b61b1-10e7-430c-97aa-69297fafb780,2026-05-14 02:00:00,2026-05-15 01:59:59,73,1507.5000,227.6894,1435.5,72,311,28.2727,1196.5,199.4167,0.00,0.00,200.0000,17287,17359,t,2026-05-15 01:26:35,a0a5c6742619579ed78a4166741d3ddad766fb042a8082e23f25dbb75c2c7f7f
472,MuseBar,ce1b61b1-10e7-430c-97aa-69297fafb780,2026-05-15 02:00:00,2026-05-16 01:59:59,133,2156.5000,327.2955,2041,115.5,424,38.5455,1732.5,288.75,0.00,0.00,200.0000,17360,17492,t,2026-05-16 01:53:47,07a34b0ff6e32b90235fc49718e8437999a658c600ee2004ca579d22294699b4
473,MuseBar,ce1b61b1-10e7-430c-97aa-69297fafb780,2026-05-16 02:00:00,2026-05-17 01:59:59,81,2154.5000,321.0531,2049.5,105,502,45.6364,1652.5,275.4167,0.00,0.00,200.0000,17493,17573,t,2026-05-17 01:07:24,fbaaa43f8a11d23ceb8d04651c7f186852cb827e5d5b7205124f7a20a09a656b
474,MuseBar,ce1b61b1-10e7-430c-97aa-69297fafb780,2026-05-17 02:00:00,2026-05-18 01:59:59,20,168.5000,25.3560,135,33.5,36,3.2727,132.5,22.0833,0.00,0.00,200.0000,17574,17593,t,2026-05-17 21:37:20,4bf41ba45e3991e633d3e35874e021a08942df1017f0028f248190fadb49cf44
476,MuseBar,ce1b61b1-10e7-430c-97aa-69297fafb780,2026-05-18 02:00:00,2026-05-19 01:59:59,61,961.5000,137.0682,928,33.5,306,27.8182,655.5,109.25,0.00,0.00,200.0000,17594,17654,t,2026-05-19 00:29:06,2de12412d61928f8859645418579c0c4234cd1d84cf94d8f5978fe70a966cf32
477,MuseBar,ce1b61b1-10e7-430c-97aa-69297fafb780,2026-05-19 02:00:00,2026-05-20 01:59:59,25,1410.0000,192.4242,1350.5,59.5,562,51.0909,848,141.3333,0.00,0.00,200.0000,17655,17679,t,2026-05-20 01:26:30,e36241ea556fd4d617b9dd3fabd204a5e8b510abc6d4eb359ab4a1f40c27b44e
